段落ID,名称,植株形态,玩家目标,进入条件,完成条件,新增机制/节点语义,待确认
INTRO,剧情（开场）,无（黑屏）,无操作,游戏启动,开场视频与台词播完,—,视频能否跳过
TUT,新手教学,单个方块,点击闪烁的小方块,INTRO 结束,点击方块一次；方块变暗→黑屏→亮起进入 S1,点击 = 授权 Agent 处理,
S1,状态,Matrix 方块矩阵,点击亮起的方块使它变暗,TUT 结束,（推测）点击若干轮后触发；部分方块永远会再亮,详情：status（进度、置信度）,通关条件：点击次数？时长？可修复方块全部变暗？
S2,项目,Circuit 线路,修复断开的连接（沿路径拖拽）,S1 结束,（推测）路径全部恢复为蓝色；果实仍无法修复,详情：project；缺水/不缺水两套文本,哪些节点缺水；是否保留「右键查看果实」这一通关条件（现版本有）
S3,物理,Network 网络,旋转视角，点击标记全部虫子,S2 结束,标记全部虫子,详情：physical；视角解锁；标记,现版本标记后有「AI 询问 Yes/No」，剧本里没有，是否保留
S4,触觉,Geometric→Real,检查叶背，摘除全部虫子,S3 结束,（推测）摘除全部虫子,直接干预（摘除）；每摘一只写实度提高一档,
PICK,采摘番茄,Real,抓住果实，旋转并摘下,S4 结束,摘下果实（播摘果动画）,抓取 + 旋转,PC 上「旋转摘下」怎么操作（拖拽？按住？）
TASTE,品尝视频,视频,无操作,PICK 结束,视频播完,—,
OUTRO,演出剧情,视频,无操作,TASTE 结束,视频播完→游戏结束,—,视频脚本，不需要游戏内文案
