ID,段落,触发条件,通道,说话人,文本,推进方式,演出备注,待确认
INTRO_000,INTRO,游戏启动,—,—,,视频播完,【视频】黑暗中有一道亮起的曙光，随着声音波动,
INTRO_001,INTRO,视频结束,字幕,亲切的声音,嗨，你醒了。,自动,黑屏，白字,
INTRO_002,INTRO,上一句结束,Agent弹窗,没有温度的声音,神经连接已恢复。,自动,,机械女声 = Agent（没有温度的声音）
INTRO_003,INTRO,上一句结束,Agent弹窗,没有温度的声音,检测到稳定的意识活动。,自动,,同上
INTRO_004,INTRO,上一句结束,Agent弹窗,没有温度的声音,语言和运动通道尚未恢复。,自动,,同上
INTRO_005,INTRO,上一句结束,字幕,亲切的声音,也许你没有意识到，你生活在这片虚无的黑暗中已经很久了。,,,
INTRO_006,INTRO,上一句结束,字幕,亲切的声音,如果你能听到我的声音，这里是认知贫化症候治疗中心。有很多人在关心你的状况。,,,
INTRO_007,INTRO,上一句结束,字幕,亲切的声音,……不，这不是玩笑。你当然仍处在“现实”之中，,,,
INTRO_008,INTRO,上一句结束,字幕,亲切的声音,但由于你长久以来使用agent过度代理与现实世界信息交互，感官与神经机能出现了严重退化——也就是现在大流行的“认知贫化症”，大脑失去了重建真实世界的能力。我目前正在尝试通过脑机接口与你建立连接。,自动,,
INTRO_009,INTRO,玩家点击屏幕任意处,字幕,亲切的声音,……检测到神经信号回应，很高兴知道你还在这里。我已经与你进行感知野同步——看来这里现在确实空空无一物，嗯？,,,
INTRO_010,INTRO,上一句结束,字幕,亲切的声音,别担心，接下来我会逐步引导你，通过一系列简单的认知练习来恢复基本认知功能。,自动,,
INTRO_011,INTRO,上一句结束,字幕,亲切的声音,让我们先从你目前能承受的认知负荷开始。,自动,,
TUT_001,TUT,段落开始,—,—,,自动,黑暗中只出现一个放大的方块（其余节点隐藏），从暗到亮循环变化,
TUT_002,TUT,段落开始,字幕,亲切的声音,看到那个闪烁的方块了吗？这是一个被高度压缩过的信息单元，它代表着你现实世界生活中的一项具体事务，在这里都会显示为量化好的待处理任务。,自动,,
TUT_003,TUT,上一句结束,字幕,亲切的声音,点击异常节点，即批准agent对其进行一次自动处理。,等待点击,播完后方块挂简单问题，开始闪烁,
TUT_004,TUT,玩家点击方块（简单问题解决）,Agent弹窗,没有温度的声音,Mission Accomplished. 验收通过，日志已更新。,自动,方块变浅蓝后常亮,「事物」是否应为「事务」
TUT_005,TUT,TUT_004 结束,—,—,,等待点击,同一方块挂困难问题，重新闪烁,
TUT_006,TUT,上一句结束,字幕,亲切的声音,基本上，这就是你现在每天全部的思维活动了。,,,
TUT_007,TUT,上一句结束,字幕,亲切的声音,再来看看这个。,,,
TUT_008,TUT,玩家点击方块（困难问题失败）,Agent弹窗,没有温度的声音,Mission Failed。重试超时，进程已离线。,自动,方块暂停闪烁，2–3 s 后重新闪烁,
TUT_009,TUT,上一句结束,Agent弹窗,没有温度的声音,问题分析……未找到；已提交错误报告并移入待审查异常序列。,,,
TUT_010,TUT,上一句结束,字幕,亲切的声音,但总有一些时候，通用的逻辑与抽象经验解决不了问题。如果节点继续闪烁，就意味着异常仍在抛出。,自动,,
TUT_011,TUT,上一句结束,字幕,亲切的声音,这便是需要你主动介入的时候了。用更原始的办法打捞更原始的信息；解决之道，往往就在其中。,,,
TUT_012,TUT,上一句结束,字幕,亲切的声音,右键点击节点可以查看任务详情，不过它们经过了agent的自动压缩，也许现在的你还想不起具体的细节——重新建立对真实的认知是一个需要时间的过程。,等待右键,,
TUT_013,TUT,上一句结束,字幕,亲切的声音,让我们来看看你走了多远。,,,
TUT_014,TUT,玩家右击方块,右键详情,没有温度的声音,"维护单元07：稳定度下降
建议操作：补充资源
预计改善：+12%",自动,显示在右键详情框里，第一行做标题,
TUT_015,TUT,右键详情弹出后,字幕,亲切的声音,直观、清晰、安心……也有些令人感到茫然。,自动,,
TUT_016,TUT,上一句结束,字幕,亲切的声音,不过别着急，我今天正是为此而来。,,,
,TUT,TUT_016结束,—,—,,自动,方块后退、缩小，融入矩阵，其余方块渐显，进入 S1,转场时长
S1_001,S1,段落开始,字幕,亲切的声音,真实生活的“任务系统”随机而复杂，为了适应恢复感官后的信息处理速度，我们首先来做一个并行处理能力练习。,自动,字幕播放的同时出现方块矩阵，部分方块亮起并闪烁,
S1_P01,S1,点击亮起的方块,Agent弹窗,没有温度的声音,"单元{01-99}：活性下降
建议操作：补充输入
预计改善：+{5-20}%",自动,,随机池：只写这株尚未被揭示的植物各部分的状态（对象状态、建议操作、风险、置信度），不点名具体部位或资源，不写人的日常任务。{a-b} 播放时换成 a–b 之间的随机整数（a 写成 01 这样就补零）
S1_P02,S1,点击亮起的方块,Agent弹窗,没有温度的声音,"单元{01-99}：传输延迟
建议操作：自动重新分配
风险：低",自动,,同上
S1_P03,S1,点击亮起的方块,Agent弹窗,没有温度的声音,"节点{01-99}：结构偏移
建议操作：强制校正
置信度：{70-98}%",自动,,同上
S1_P04,S1,点击亮起的方块,Agent弹窗,没有温度的声音,"单元{01-99}：吸收效率低于基准
建议操作：提高输入频率
预计改善：+{3-15}%",自动,,同上
S1_P05,S1,点击亮起的方块,Agent弹窗,没有温度的声音,"模块{01-99}：周期停滞
建议操作：延长观察窗口
风险：中",自动,,同上
S1_P06,S1,点击亮起的方块,Agent弹窗,没有温度的声音,"节点{01-99}：外部信号异常
建议操作：屏蔽并记录
置信度：{80-99}%",自动,,同上
S1_002,S1,触发通关条件,Agent弹窗,没有温度的声音,"核心项目：本周期进度落后
建议操作：提高执行强度",自动,背景：有些方块持续点击多轮依然会亮起,
S1_003,S1,S1_002 之后,字幕,亲切的声音,看起来你已经恢复了最基本的信息处理能力，并且逐渐开始对这些没头没尾的离散信息感到困惑。,自动,,
S1_004,S1,上一句结束,字幕,亲切的声音,现在我们将开始重建信息节点之间的语义关系与概念地图。,自动,,
S1_005,S1,上一句结束,Agent询问,没有温度的声音,是否要进一步查看信息？,点击Yes,弹窗下方有 Yes，点击进入 S2,
S2_001,S2,段落开始,Agent弹窗,没有温度的声音,关联视图正在展开……,自动,方块矩阵展开，大部分方块被线连接，底部少部分没有,
S2_002,S2,上一句结束,Agent弹窗,没有温度的声音,已在本概念层展开重新分析。扫描全局状态。,自动,,
S2_003,S2,上一句结束,Agent弹窗,没有温度的声音,问题定位：远端生产系统增长缓滞，判断首要可能性为供给层资源供应不足。建议从支撑系统开始修复。,,,
S2_004,S2,上一句结束,字幕,亲切的声音,看来你的Agent在系统层面的架构设计上仍然有所短板。,自动,,
S2_005,S2,上一句结束,字幕,亲切的声音,看起来这里有两个本该连接的系统断开了，请你仔细观察并回想如何修复这些异常节点吧。,自动,路径逐段亮起并恢复为蓝色，但果实部分仍无法被修复,什么时候出现：女声之后的操作提示
S2_W01,S2,从错误的起点开始拖拽,Agent弹窗,没有温度的声音,需要从支撑系统开始。,自动,对白空闲时才播，避免刷屏,
S2_006,S2,触发通关条件,字幕,亲切的声音,你的关联判断已经恢复。,自动,,
S2_007,S2,上一句结束,字幕,亲切的声音,但核心成果的产出问题看起来依然没有解决，也就是说，agent给出的问题诊断没有切中要害。再仔细查看一下依然闪烁的问题节点。,自动,,
S2_008,S2,上一句结束，且已右键查看果实,字幕,亲切的声音,接下来，我们将进一步还原信息压缩梯度。让我们从更多维的角度寻找机会。,,播完进入 S3,
S3_001,S3,段落开始,Agent弹窗,没有温度的声音,已在本概念层展开重新分析。扫描全局状态。,,,
S3_002,S3,上一句结束,Agent弹窗,没有温度的声音,已重新修正问题定位；检测到局部流量异常，推测为木马活动。进入人工确认程序。,自动,,
S3_003,S3,上一句结束,Agent弹窗,没有温度的声音,RGB模式已恢复。,自动,节点恢复颜色,
S3_004,S3,上一句结束,Agent弹窗,没有温度的声音,空间视觉已恢复。,自动,,
S3_005,S3,上一句结束,Agent弹窗,没有温度的声音,空白处拖拽可观察到扫描死角，右键查看详细信息，判断为异常节点时，请点击标记该可疑节点。,,,
S3_006,S3,标记第一个虫子,字幕,亲切的声音,看！原来是「bugs」。现在是捉虫时间。,自动,原来的系统脚本中“agentquery”那个弹窗就挺好的，可以保留形式,策划注：agent 出 bug / 植株的害虫 bug，双关
S3_007,S3,标记全部虫子,Agent弹窗,没有温度的声音,已标记全部异常个体。,自动,,
S3_008,S3,上一句结束,字幕,亲切的声音,这些bugs一直都存在。,自动,,「温柔女声」就是亲切的声音
S3_009,S3,上一句结束,字幕,亲切的声音,只是过去有agent替你看、替你判断，你便渐渐不再留意。,自动,,
S3_010,S3,上一句结束,字幕,亲切的声音,现在，试着用自己的眼睛看一次。,自动,,
S3_011,S3,上一句结束,Agent询问,没有温度的声音,警告：检测到高风险操作。推测用户即将执行异常清除指令，考虑到有机系统的脆弱性，我的执行硬件精度可能过低，清除程序可能对会对系统其余部分也造成损伤。是否切换为人工操作？,,保留当前设计，弹窗的下面有一个yes，点击进入下一关,
S4_001,S4,用户点击上一步的yes确认后，段落开始,Agent弹窗,没有温度的声音,正在重建控制器……,自动,植株开始收拢为 Geometric,这两句属于 S4 开头
S4_002,S4,上一句结束,Agent弹窗,没有温度的声音,直接干预通道部分开放。,自动,播完进入 S4,
S4_003,S4,上一句结束,Agent弹窗,没有温度的声音,触觉系统已恢复。,自动,,
S4_004,S4,上一句结束,Agent弹窗,没有温度的声音,检查叶片背面，找到上一步中发现的bugs并点击移除。,自动,,
S4_005,S4,每摘除一个虫子,Agent弹窗,没有温度的声音,"成功发现异常目标，系统将进一步恢复物理视觉重建。
异常清除进度：{current}/{total}",自动,写实度提高一档；弹窗固定在原位直到全部摘完，进度随摘除更新（{current}/{total} 由游戏填入）,
S4_006,S4,摘除全部虫子,字幕,亲切的声音,你已经能够通过自己的观察修正Agent的判断。,自动,,触发时机：3只虫子全部移除。
S4_007,S4,上一句结束,字幕,亲切的声音,生命系统是复杂的。但是值得亲自体验它。,自动,,
S4_008,S4,S4_007 播完，离开 S4 进入过渡,字幕,亲切的声音,水要先抵达根，叶片要重新展开，花朵也需要时间留下果实。,自动,本句开始时植株开始还原为写实模型；本句播完且变形结束后进入 PICK,
PICK_001,PICK,段落开始,Agent弹窗,没有温度的声音,义体控制权限已被用户回收。,自动,本句播完后，自动进入采摘阶段,
PICK_002,PICK,上一句结束,Agent弹窗,没有温度的声音,您已退出全能代理模式。,自动,,
PICK_003,PICK,上一句结束,操作提示,—,移动：WASD    蹲下/站起：C / Ctrl    摘：左键    吃：E,,出现在画面左上角，没有对话框的浅色操作指导（之后可能换成涂鸦风贴图）,
PICK_004,PICK,上一句结束,字幕,亲切的声音,你眼前这颗植物是我们为你植入的“后门”，其中有一颗是退出agent深度代理模式的”确认钥匙“。,,,
PICK_005,PICK,上一句结束,字幕,亲切的声音,去找到属于你的那一颗胜利果实吧。,,,
,PICK,玩家摘下果实,—,—,,动画播完,【用户摘下果实动画】,
,,PICK 结束,—,—,,,,
PICK_006,PICK,玩家吃第一口彩椒,字幕,亲切的声音,现在，请品尝真实。,自动,,
OUTRO_000,OUTRO,玩家吃完三口彩椒，自动进入 Outro 动画,—,—,,视频播完,【视频】见演出视频脚本,
