资产ID,类型,段落,触发 / 用途,内容描述,参考时长,循环,规格,文件名,优先级,负责人,状态,待确认
V_INTRO,视频,INTRO,游戏启动后播放，结束后进入开场台词,黑暗中有一道亮起的曙光，随着声音波动,10–20s,否,MP4 / H.264，1920×1080，30fps，音轨 AAC 48kHz 立体声,V_INTRO.mp4,P0,,未开始,声音波动是否就是女声第一句「嗨，你醒了」的波形？
V_TASTE,视频,TASTE,采摘番茄后播放,第一人称近景（可选：正午阳光的眩晕感、过曝模糊的画面），采摘阳台花盆里的番茄，端详一会儿，咬一口,15–30s,否,MP4 / H.264，1920×1080，30fps，音轨 AAC 48kHz 立体声,V_TASTE.mp4,P0,,未开始,咬番茄的声音是否直接录在视频音轨里
V_OUTRO,视频,OUTRO,品尝视频后播放，播完游戏结束,演出剧情，见视频脚本（回忆→办公室→agent 接管→画面退化→医院→白光→快速回放 S1–S4 真实番茄的变化→睁眼）,60–120s,否,MP4 / H.264，1920×1080，30fps，音轨 AAC 48kHz 立体声,V_OUTRO.mp4,P0,,未开始,结尾「快速回放 S1–S4」是否需要游戏实录画面（程序可以提供录屏）
VO_INTRO_001,配音,INTRO,视频结束,亲切的声音（温柔女声）：嗨，你醒了。,按文本,否,WAV 48kHz 16bit 单声道，句首句尾留 0.2s 空白，无背景音,VO_INTRO_001.wav,P1,,未开始,
VO_INTRO_002,配音,INTRO,上一句结束,没有温度的声音（机械女声）：神经连接已恢复。,按文本,否,WAV 48kHz 16bit 单声道，句首句尾留 0.2s 空白，无背景音,VO_INTRO_002.wav,P1,,未开始,Agent 台词是否需要配音（或用 TTS / 电子音效代替）
VO_INTRO_003,配音,INTRO,上一句结束,没有温度的声音（机械女声）：检测到稳定的意识活动。,按文本,否,WAV 48kHz 16bit 单声道，句首句尾留 0.2s 空白，无背景音,VO_INTRO_003.wav,P1,,未开始,Agent 台词是否需要配音（或用 TTS / 电子音效代替）
VO_INTRO_004,配音,INTRO,上一句结束,没有温度的声音（机械女声）：语言和运动通道尚未恢复。,按文本,否,WAV 48kHz 16bit 单声道，句首句尾留 0.2s 空白，无背景音,VO_INTRO_004.wav,P1,,未开始,Agent 台词是否需要配音（或用 TTS / 电子音效代替）
VO_INTRO_005,配音,INTRO,上一句结束,亲切的声音（温柔女声）：你的感官系统与运动神经都沉寂了太久了，我现在是通过脑机接口与你对话。,按文本,否,WAV 48kHz 16bit 单声道，句首句尾留 0.2s 空白，无背景音,VO_INTRO_005.wav,P1,,未开始,
VO_INTRO_006,配音,INTRO,上一句结束,亲切的声音（温柔女声）：别担心，我们会通过一些虚拟世界的练习帮助你恢复行为能力。,按文本,否,WAV 48kHz 16bit 单声道，句首句尾留 0.2s 空白，无背景音,VO_INTRO_006.wav,P1,,未开始,
VO_INTRO_007,配音,INTRO,上一句结束,亲切的声音（温柔女声）：先从简单的开始，注意观察你行动的反馈。,按文本,否,WAV 48kHz 16bit 单声道，句首句尾留 0.2s 空白，无背景音,VO_INTRO_007.wav,P1,,未开始,
VO_TUT_002,配音,TUT,玩家点击方块,没有温度的声音（机械女声）：已授权，开始处理,按文本,否,WAV 48kHz 16bit 单声道，句首句尾留 0.2s 空白，无背景音,VO_TUT_002.wav,P1,,未开始,Agent 台词是否需要配音（或用 TTS / 电子音效代替）
VO_TUT_003,配音,TUT,TUT_002 之后,亲切的声音（温柔女声）：这是你的agent，你刚刚批准了它帮你处理一项事物。,按文本,否,WAV 48kHz 16bit 单声道，句首句尾留 0.2s 空白，无背景音,VO_TUT_003.wav,P1,,未开始,
VO_S1_001,配音,S1,段落开始,亲切的声音（温柔女声）：现在我们试试更多的任务，为了能在真实世界中重新控制身体，你需要处理很多事情，你知道抬手的动作要控制多少肌肉吗？,按文本,否,WAV 48kHz 16bit 单声道，句首句尾留 0.2s 空白，无背景音,VO_S1_001.wav,P1,,未开始,
VO_S1_P01,配音,S1,点击亮起的方块,没有温度的声音（机械女声）：维护单元07：稳定度下降 / 建议操作：补充资源 / 预计改善：+12%,按文本,否,WAV 48kHz 16bit 单声道，句首句尾留 0.2s 空白，无背景音,VO_S1_P01.wav,P1,,未开始,Agent 台词是否需要配音（或用 TTS / 电子音效代替）
VO_S1_P02,配音,S1,点击亮起的方块,没有温度的声音（机械女声）：外部联系01：等待回应 / 建议操作：自动回复 / 关系风险：低,按文本,否,WAV 48kHz 16bit 单声道，句首句尾留 0.2s 空白，无背景音,VO_S1_P02.wav,P1,,未开始,Agent 台词是否需要配音（或用 TTS / 电子音效代替）
VO_S1_002,配音,S1,触发通关条件,没有温度的声音（机械女声）：核心项目：本周期进度落后 / 建议操作：提高执行强度,按文本,否,WAV 48kHz 16bit 单声道，句首句尾留 0.2s 空白，无背景音,VO_S1_002.wav,P1,,未开始,Agent 台词是否需要配音（或用 TTS / 电子音效代替）
VO_S1_003,配音,S1,S1_002 之后,亲切的声音（温柔女声）：看起来你已经具备了最基本的信息处理能力，但是有些事情直接交给agent无法解决。,按文本,否,WAV 48kHz 16bit 单声道，句首句尾留 0.2s 空白，无背景音,VO_S1_003.wav,P1,,未开始,
VO_S1_004,配音,S1,上一句结束,亲切的声音（温柔女声）：现在我们将深入这些处理器看看。,按文本,否,WAV 48kHz 16bit 单声道，句首句尾留 0.2s 空白，无背景音,VO_S1_004.wav,P1,,未开始,
VO_S2_001,配音,S2,段落开始,没有温度的声音（机械女声）：关联视图正在展开……,按文本,否,WAV 48kHz 16bit 单声道，句首句尾留 0.2s 空白，无背景音,VO_S2_001.wav,P1,,未开始,Agent 台词是否需要配音（或用 TTS / 电子音效代替）
VO_S2_002,配音,S2,上一句结束,没有温度的声音（机械女声）：问题定位：增长缓滞，我判断为资源供应不足。供给需要从支撑系统开始分配。,按文本,否,WAV 48kHz 16bit 单声道，句首句尾留 0.2s 空白，无背景音,VO_S2_002.wav,P1,,未开始,Agent 台词是否需要配音（或用 TTS / 电子音效代替）
VO_S2_003,配音,S2,上一句结束,亲切的声音（温柔女声）：看起来这里有两个本该连接的系统断开了，agent有时无法管理好整个系统。,按文本,否,WAV 48kHz 16bit 单声道，句首句尾留 0.2s 空白，无背景音,VO_S2_003.wav,P1,,未开始,
VO_S2_004,配音,S2,待确认,没有温度的声音（机械女声）：链接异常节点,按文本,否,WAV 48kHz 16bit 单声道，句首句尾留 0.2s 空白，无背景音,VO_S2_004.wav,P1,,未开始,Agent 台词是否需要配音（或用 TTS / 电子音效代替）
VO_S2_005,配音,S2,触发通关条件,亲切的声音（温柔女声）：你的关联判断已经恢复。,按文本,否,WAV 48kHz 16bit 单声道，句首句尾留 0.2s 空白，无背景音,VO_S2_005.wav,P1,,未开始,
VO_S2_006,配音,S2,上一句结束,亲切的声音（温柔女声）：但看起来还有无法解决的问题，接下来，我们将减少Agent对信息的压缩。让我们更从多维的角度寻找机会。,按文本,否,WAV 48kHz 16bit 单声道，句首句尾留 0.2s 空白，无背景音,VO_S2_006.wav,P1,,未开始,
VO_S3_001,配音,S3,段落开始,没有温度的声音（机械女声）：传输已经恢复，但局部异常仍在活动。,按文本,否,WAV 48kHz 16bit 单声道，句首句尾留 0.2s 空白，无背景音,VO_S3_001.wav,P1,,未开始,Agent 台词是否需要配音（或用 TTS / 电子音效代替）
VO_S3_002,配音,S3,上一句结束,没有温度的声音（机械女声）：RGB模式已恢复。请仔细甄别来自系统外的入侵干扰。,按文本,否,WAV 48kHz 16bit 单声道，句首句尾留 0.2s 空白，无背景音,VO_S3_002.wav,P1,,未开始,Agent 台词是否需要配音（或用 TTS / 电子音效代替）
VO_S3_003,配音,S3,上一句结束,没有温度的声音（机械女声）：视角锁定已解除。请充分观察系统死角。点击标记可疑节点。,按文本,否,WAV 48kHz 16bit 单声道，句首句尾留 0.2s 空白，无背景音,VO_S3_003.wav,P1,,未开始,Agent 台词是否需要配音（或用 TTS / 电子音效代替）
VO_S3_004,配音,S3,标记第一个虫子,亲切的声音（温柔女声）：看！原来是「bugs」。现在是捉虫时间。,按文本,否,WAV 48kHz 16bit 单声道，句首句尾留 0.2s 空白，无背景音,VO_S3_004.wav,P1,,未开始,
VO_S3_005,配音,S3,标记全部虫子,没有温度的声音（机械女声）：已标记全部异常个体。,按文本,否,WAV 48kHz 16bit 单声道，句首句尾留 0.2s 空白，无背景音,VO_S3_005.wav,P1,,未开始,Agent 台词是否需要配音（或用 TTS / 电子音效代替）
VO_S3_006,配音,S3,上一句结束,亲切的声音（温柔女声）：这些bugs一直都存在。,按文本,否,WAV 48kHz 16bit 单声道，句首句尾留 0.2s 空白，无背景音,VO_S3_006.wav,P1,,未开始,
VO_S3_007,配音,S3,上一句结束,亲切的声音（温柔女声）：只是过去有agent替你看、替你判断，你便渐渐不再留意。,按文本,否,WAV 48kHz 16bit 单声道，句首句尾留 0.2s 空白，无背景音,VO_S3_007.wav,P1,,未开始,
VO_S3_008,配音,S3,上一句结束,亲切的声音（温柔女声）：现在，试着用自己的眼睛看一次。,按文本,否,WAV 48kHz 16bit 单声道，句首句尾留 0.2s 空白，无背景音,VO_S3_008.wav,P1,,未开始,
VO_S3_009,配音,S3,上一句结束,没有温度的声音（机械女声）：空间视觉正在恢复……,按文本,否,WAV 48kHz 16bit 单声道，句首句尾留 0.2s 空白，无背景音,VO_S3_009.wav,P1,,未开始,Agent 台词是否需要配音（或用 TTS / 电子音效代替）
VO_S3_010,配音,S3,上一句结束,没有温度的声音（机械女声）：直接干预通道部分开放。,按文本,否,WAV 48kHz 16bit 单声道，句首句尾留 0.2s 空白，无背景音,VO_S3_010.wav,P1,,未开始,Agent 台词是否需要配音（或用 TTS / 电子音效代替）
VO_S4_001,配音,S4,段落开始,没有温度的声音（机械女声）：触觉系统已解锁。,按文本,否,WAV 48kHz 16bit 单声道，句首句尾留 0.2s 空白，无背景音,VO_S4_001.wav,P1,,未开始,Agent 台词是否需要配音（或用 TTS / 电子音效代替）
VO_S4_002,配音,S4,上一句结束,没有温度的声音（机械女声）：检查叶片背面，确保标记的bugs均移出。,按文本,否,WAV 48kHz 16bit 单声道，句首句尾留 0.2s 空白，无背景音,VO_S4_002.wav,P1,,未开始,Agent 台词是否需要配音（或用 TTS / 电子音效代替）
VO_S4_003,配音,S4,摘除第一个虫子,没有温度的声音（机械女声）：成功发现异常目标，系统将进一步恢复物理视觉重建。,按文本,否,WAV 48kHz 16bit 单声道，句首句尾留 0.2s 空白，无背景音,VO_S4_003.wav,P1,,未开始,Agent 台词是否需要配音（或用 TTS / 电子音效代替）
VO_S4_004,配音,S4,（推测）摘除全部虫子,亲切的声音（温柔女声）：你已经能够通过自己的观察修正Agent的判断。,按文本,否,WAV 48kHz 16bit 单声道，句首句尾留 0.2s 空白，无背景音,VO_S4_004.wav,P1,,未开始,
VO_S4_005,配音,S4,上一句结束,亲切的声音（温柔女声）：生命系统是复杂的。但是值得亲自体验它。,按文本,否,WAV 48kHz 16bit 单声道，句首句尾留 0.2s 空白，无背景音,VO_S4_005.wav,P1,,未开始,
VO_S4_006,配音,S4,上一句结束,亲切的声音（温柔女声）：水要先抵达根，叶片要重新展开，花朵也需要时间留下果实。,按文本,否,WAV 48kHz 16bit 单声道，句首句尾留 0.2s 空白，无背景音,VO_S4_006.wav,P1,,未开始,
VO_PICK_001,配音,PICK,段落开始,没有温度的声音（机械女声）：直接动作通道已开放。,按文本,否,WAV 48kHz 16bit 单声道，句首句尾留 0.2s 空白，无背景音,VO_PICK_001.wav,P1,,未开始,Agent 台词是否需要配音（或用 TTS / 电子音效代替）
VO_PICK_002,配音,PICK,上一句结束,没有温度的声音（机械女声）：抓住果实，轻轻旋转并摘下。,按文本,否,WAV 48kHz 16bit 单声道，句首句尾留 0.2s 空白，无背景音,VO_PICK_002.wav,P1,,未开始,Agent 台词是否需要配音（或用 TTS / 电子音效代替）
VO_PICK_004,配音,PICK,动画结束,亲切的声音（温柔女声）：现在，请品尝真实。,按文本,否,WAV 48kHz 16bit 单声道，句首句尾留 0.2s 空白，无背景音,VO_PICK_004.wav,P1,,未开始,
SFX_BLOCK_PULSE,音效,通用,方块从暗到亮循环（教学单方块、S1 亮起的方块）,微弱的电子呼吸声,1–2s,是,WAV 48kHz 16bit 单声道，峰值 ≤ -3dB,SFX_BLOCK_PULSE.wav,P1,,未开始,
SFX_TAP_AUTH,音效,通用,左键点击节点（授权 Agent 处理）,短促确认音，偏电子,0.2–0.4s,否,WAV 48kHz 16bit 单声道，峰值 ≤ -3dB,SFX_TAP_AUTH.wav,P0,,未开始,
SFX_BLOCK_DIM,音效,通用,方块被处理后变暗,下行的柔和音,0.3–0.6s,否,WAV 48kHz 16bit 单声道，峰值 ≤ -3dB,SFX_BLOCK_DIM.wav,P1,,未开始,
SFX_AGENT_POPUP,音效,通用,Agent 弹窗出现（左侧）,冷感提示音，区别于女声字幕,0.3s,否,WAV 48kHz 16bit 单声道，峰值 ≤ -3dB,SFX_AGENT_POPUP.wav,P0,,未开始,
SFX_SUBTITLE,音效,通用,亲切的声音字幕出现,很轻的柔和提示，可省略,0.2s,否,WAV 48kHz 16bit 单声道，峰值 ≤ -3dB,SFX_SUBTITLE.wav,P2,,未开始,有配音时是否还需要
SFX_DETAIL_OPEN,音效,通用,右键查看节点详情,轻微的扫描 / 展开声,0.3s,否,WAV 48kHz 16bit 单声道，峰值 ≤ -3dB,SFX_DETAIL_OPEN.wav,P1,,未开始,
SFX_ADVANCE,音效,通用,点击空白处快进对白,极轻的翻页 / 点击,0.1s,否,WAV 48kHz 16bit 单声道，峰值 ≤ -3dB,SFX_ADVANCE.wav,P2,,未开始,
SFX_BLACKOUT,音效,TUT,画面完全变黑→再亮起（进入 S1）,低频收束 + 亮起,1–2s,否,WAV 48kHz 16bit 单声道，峰值 ≤ -3dB,SFX_BLACKOUT.wav,P1,,未开始,
SFX_MORPH,音效,转场,植株在形态间变形（每次进入新阶段）,数据重组 / 粒子聚合的过渡声,1.5–3s,否,WAV 48kHz 16bit 单声道，峰值 ≤ -3dB,SFX_MORPH.wav,P0,,未开始,每关一种还是共用一种
SFX_S1_RELIGHT,音效,S1,处理过的方块又重新亮起（无法解决的任务）,略带不安的提示,0.3s,否,WAV 48kHz 16bit 单声道，峰值 ≤ -3dB,SFX_S1_RELIGHT.wav,P2,,未开始,
SFX_S2_DRAG,音效,S2,从根部沿连线拖拽,电流流动声,1–2s,是,WAV 48kHz 16bit 单声道，峰值 ≤ -3dB,SFX_S2_DRAG.wav,P1,,未开始,
SFX_S2_LINK_FIX,音效,S2,一段路径恢复为蓝色,接通 / 充能音,0.3s,否,WAV 48kHz 16bit 单声道，峰值 ≤ -3dB,SFX_S2_LINK_FIX.wav,P1,,未开始,
SFX_S2_WRONG,音效,S2,从错误的起点拖拽,短促的拒绝音,0.3s,否,WAV 48kHz 16bit 单声道，峰值 ≤ -3dB,SFX_S2_WRONG.wav,P2,,未开始,
SFX_S2_FRUIT_FAIL,音效,S2,果实部分无法修复,断开 / 失败的低音,0.5s,否,WAV 48kHz 16bit 单声道，峰值 ≤ -3dB,SFX_S2_FRUIT_FAIL.wav,P2,,未开始,
SFX_S3_COLOR,音效,S3,RGB 模式恢复，节点恢复颜色,色彩展开感的上行音,1s,否,WAV 48kHz 16bit 单声道，峰值 ≤ -3dB,SFX_S3_COLOR.wav,P1,,未开始,
SFX_S3_MARK,音效,S3,标记一个虫子节点,锁定 / 标记音,0.3s,否,WAV 48kHz 16bit 单声道，峰值 ≤ -3dB,SFX_S3_MARK.wav,P0,,未开始,
SFX_S3_ALL_FOUND,音效,S3,标记全部虫子,完成提示,1s,否,WAV 48kHz 16bit 单声道，峰值 ≤ -3dB,SFX_S3_ALL_FOUND.wav,P1,,未开始,
SFX_QUERY,音效,S3,AI 询问弹窗出现 / 点击 Yes,弹窗音 + 确认音,0.3s,否,WAV 48kHz 16bit 单声道，峰值 ≤ -3dB,SFX_QUERY.wav,P2,,未开始,剧本里没有询问弹窗，是否保留待策划确认
SFX_S4_REMOVE_BUG,音效,S4,摘除一只虫子,有触感的拨开 / 轻弹,0.3–0.5s,否,WAV 48kHz 16bit 单声道，峰值 ≤ -3dB,SFX_S4_REMOVE_BUG.wav,P0,,未开始,
SFX_S4_REAL_UP,音效,S4,每摘一只，写实度提高一档,由电子音向自然音过渡,1s,否,WAV 48kHz 16bit 单声道，峰值 ≤ -3dB,SFX_S4_REAL_UP.wav,P1,,未开始,
SFX_PICK_GRAB,音效,PICK,抓住果实,叶片 / 果实被握住的摩擦,0.3s,否,WAV 48kHz 16bit 单声道，峰值 ≤ -3dB,SFX_PICK_GRAB.wav,P1,,未开始,
SFX_PICK_TWIST,音效,PICK,旋转果实,果柄扭转的细响,0.5–1s,否,WAV 48kHz 16bit 单声道，峰值 ≤ -3dB,SFX_PICK_TWIST.wav,P1,,未开始,
SFX_PICK_SNAP,音效,PICK,摘下果实,清脆的「啪」,0.3s,否,WAV 48kHz 16bit 单声道，峰值 ≤ -3dB,SFX_PICK_SNAP.wav,P0,,未开始,
BGM_DIGITAL,音乐,TUT–S2,数字空间阶段的背景音乐,冷、简约、电子氛围,1–2min,是,WAV 或 OGG 48kHz 立体声，循环点无缝,BGM_DIGITAL.ogg,P1,,未开始,是否需要每关不同的音乐
BGM_AWAKEN,音乐,S3–S4,感官逐步恢复阶段,从电子逐渐加入自然 / 原声乐器,1–2min,是,WAV 或 OGG 48kHz 立体声，循环点无缝,BGM_AWAKEN.ogg,P1,,未开始,
BGM_PICK,音乐,PICK,采摘番茄,温暖、明亮,30s–1min,是,WAV 或 OGG 48kHz 立体声，循环点无缝,BGM_PICK.ogg,P1,,未开始,
AMB_BALCONY,环境音,S4–PICK,写实度提高后淡入,阳台：风声、远处鸟鸣、树叶沙沙,30s–1min,是,WAV 或 OGG 48kHz 立体声，循环点无缝,AMB_BALCONY.wav,P1,,未开始,
